,word,frequency
578,think,70
411,educ,63
816,want,62
584,need,57
250,go,52
614,student,52
548,realli,45
460,see,43
190,convers,42
537,like,36
538,get,34
68,main,32
775,thank,32
22,learn,32
759,peopl,32
643,us,31
444,help,30
740,know,30
253,one,29
255,kid,29
69,school,29
304,thing,28
453,come,27
283,sure,27
522,support,26
722,teacher,25
366,question,25
225,make,25
558,yeah,23
142,say,23
426,also,22
90,share,22
687,would,22
213,lot,21
649,differ,21
799,feel,20
245,commun,20
305,work,20
571,right,18
581,time,18
215,look,18
409,year,18
406,futur,17
258,group,16
169,much,16
791,abl,16
128,ask,16
502,littl,16
793,well,15
66,understand,15
345,teach,15
489,let,15
859,way,15
8,part,15
62,someth,14
107,next,14
54,mani,14
717,said,14
0,actual,13
325,start,13
234,put,13
666,program,13
139,bit,13
308,project,13
288,import,12
568,use,12
394,career,12
160,join,11
560,bring,11
583,chat,11
731,high,10
280,talk,10
613,industri,10
705,famili,10
115,leader,10
437,particip,10
487,move,10
644,opportun,10
484,everyon,10
703,hear,10
371,person,9
520,gener,9
833,mayb,9
606,okay,9
17,grade,9
794,good,9
699,anyon,9
856,individu,9
26,chang,8
343,tri,8
674,relev,8
815,idea,8
243,add,8
843,interest,8
452,give,8
40,show,8
579,first,8
64,take,8
196,state,8
202,youth,8
89,colleg,7
662,find,7
246,specif,7
690,call,7
379,build,7
156,answer,7
122,experi,7
479,day,7
706,background,7
414,everi,7
159,point,7
694,pandem,7
102,free,7
469,session,7
265,mention,7
604,connect,7
27,great,7
291,world,7
285,back,7
729,togeth,7
105,creat,7
757,long,7
88,develop,6
78,cortico,6
803,skill,6
261,environ,6
182,even,6
135,happen,6
151,forward,6
600,across,6
385,circl,6
232,term,6
204,system,6
63,coupl,6
862,seen,6
446,video,6
490,might,6
217,kind,6
788,hope,6
432,jump,6
147,got,6
47,parent,6
119,last,6
807,minut,5
876,member,5
870,reach,5
837,better,5
551,cours,5
766,screen,5
436,impact,5
561,speak,5
592,care,5
498,2050,5
496,forum,5
463,huge,5
450,ed,5
612,cte,5
445,thought,5
623,critic,5
654,tell,5
425,ago,5
745,data,5
423,sens,5
668,somebodi,5
673,loss,5
677,legisl,5
552,oh,5
339,goal,5
334,certainli,5
321,board,5
311,other,5
710,excit,5
185,focus,5
439,today,5
114,comment,5
10,speaker,5
577,stage,4
513,mind,4
6,small,4
209,matter,4
99,serv,4
742,agre,4
85,alway,4
402,classroom,4
738,inform,4
456,contribut,4
35,everybodi,4
34,keep,4
286,ye,4
144,sort,4
512,director,4
16,whole,4
237,fit,4
239,capac,4
681,audio,4
574,stori,4
71,continu,4
1,new,4
111,guidelin,4
153,end,4
719,heard,4
152,discuss,4
263,financi,4
795,hard,4
149,base,4
696,stakehold,4
81,respond,4
129,address,4
171,meet,4
323,exampl,4
198,perspect,4
771,record,4
349,slide,4
179,welcom,4
865,voic,4
554,folk,4
424,earli,3
573,includ,3
48,posit,3
369,young,3
650,step,3
645,public,3
817,within,3
84,far,3
269,order,3
638,strategi,3
361,love,3
148,wide,3
356,full,3
541,pre,3
764,hi,3
50,transform,3
422,still,3
284,motiv,3
642,master,3
515,key,3
310,will,3
789,invit,3
320,four,3
796,varieti,3
786,valu,3
797,execut,3
306,done,3
388,wonder,3
397,begin,3
822,wrap,3
557,curriculum,3
404,multipl,3
527,job,3
529,involv,3
735,vision,3
408,employ,3
292,class,3
734,pass,3
44,fall,3
667,local,3
392,secondari,3
29,five,3
354,worri,3
602,inclus,3
194,engag,3
858,follow,3
483,either,3
448,along,3
633,face,3
587,word,3
688,organ,3
701,amaz,3
466,guid,3
866,access,3
480,aspect,3
434,scienc,3
853,influenc,3
224,watch,3
852,focu,3
605,ahead,3
461,toward,3
594,adult,3
97,10,3
682,structur,3
173,mainer,3
713,economi,3
443,administr,3
824,elect,3
825,real,3
611,initi,3
154,anoth,3
38,link,3
476,network,3
248,wrong,3
492,big,3
98,someon,3
829,action,3
697,children,3
497,guess,3
831,profession,3
635,post,3
241,seem,3
70,offer,3
459,may,3
124,fourth,2
473,life,2
720,month,2
382,pleas,2
689,sustain,2
657,collect,2
41,appreci,2
692,technic,2
485,especi,2
761,citi,2
127,12,2
368,lost,2
381,divers,2
374,district,2
664,usm,2
481,realiz,2
376,pretti,2
377,hey,2
378,introduc,2
755,brave,2
123,incom,2
746,mean,2
511,although,2
415,oppos,2
449,k,2
516,son,2
447,polici,2
503,plan,2
726,certain,2
427,turn,2
175,listen,2
428,less,2
680,particularli,2
430,definit,2
32,lead,2
718,anybodi,2
43,literaci,2
413,form,2
451,knowledg,2
684,three,2
410,polit,2
120,phrase,2
707,target,2
86,theme,2
457,approv,2
458,guy,2
500,remind,2
399,everyth,2
462,resourc,2
499,imagin,2
467,intimid,2
56,januari,2
525,belong,2
470,protect,2
393,camera,2
553,age,2
355,brain,2
162,challeng,2
161,seek,2
836,choic,2
67,beyond,2
158,sensit,2
580,non,2
249,charter,2
251,complet,2
72,pilot,2
826,analyz,2
150,colleagu,2
262,grader,2
266,counselor,2
818,past,2
11,throughout,2
12,potenti,2
276,obvious,2
640,opinion,2
146,present,2
567,level,2
287,workplac,2
806,success,2
805,current,2
290,tabl,2
9,stay,2
589,rememb,2
804,envis,2
226,moment,2
616,empow,2
874,inspir,2
180,partner,2
617,accept,2
619,lunch,2
869,summit,2
867,similar,2
189,chanc,2
60,agenc,2
195,street,2
170,highlight,2
603,heritag,2
199,els,2
168,feedback,2
5,evolv,2
206,sorri,2
55,flexibl,2
855,seven,2
211,younger,2
624,tech,2
850,comfort,2
627,unmut,2
220,achiev,2
141,could,2
74,thinker,2
14,went,2
798,assess,2
790,healthcar,2
559,issu,2
133,collabor,2
326,sometim,2
327,design,2
53,scoot,2
93,demograph,2
333,food,2
132,thrive,2
80,inequ,2
336,provid,2
549,materi,2
774,pathway,2
82,middl,2
652,trend,2
130,grow,2
346,piggyback,2
347,grit,2
769,deal,2
351,memor,2
655,line,2
19,approach,2
780,two,2
94,graduat,2
565,resili,2
300,direct,2
302,greatest,2
564,readi,2
299,disengag,2
298,protocol,2
301,awar,2
138,explor,2
296,workforc,2
661,anymor,1
672,lgbtq,1
663,trainabl,1
641,foundat,1
622,cannot,1
49,disservic,1
621,minor,1
686,function,1
618,perhap,1
658,allud,1
42,recruit,1
45,particular,1
653,journey,1
685,gratitud,1
671,mitchel,1
660,scholarship,1
659,websit,1
620,pictur,1
675,root,1
646,feed,1
651,train,1
634,product,1
669,decid,1
678,bide,1
647,view,1
679,express,1
648,hurt,1
637,solut,1
46,trust,1
676,guidanc,1
52,wagon,1
51,rest,1
632,struggl,1
636,ocean,1
670,former,1
683,polar,1
631,regular,1
630,close,1
629,afraid,1
628,practic,1
665,amount,1
626,innov,1
639,singl,1
625,effort,1
656,patti,1
174,map,1
691,reason,1
832,improv,1
828,option,1
827,succeed,1
823,match,1
821,15,1
820,consciou,1
819,fill,1
814,freeport,1
813,newer,1
812,steer,1
811,relay,1
810,outreach,1
809,nice,1
808,blow,1
13,place,1
802,friend,1
801,affect,1
800,email,1
15,regardless,1
18,enough,1
792,applic,1
20,york,1
787,joe,1
785,ad,1
784,nod,1
783,passion,1
782,confid,1
781,18,1
830,lose,1
834,tie,1
693,seri,1
835,categori,1
2,strong,1
875,hand,1
873,adjust,1
872,shut,1
871,constantli,1
3,facilit,1
868,central,1
864,head,1
863,profit,1
4,waldorf,1
861,pull,1
860,societi,1
857,news,1
854,third,1
851,relat,1
849,orient,1
848,born,1
847,given,1
846,prototyp,1
845,chicago,1
844,explicit,1
7,truli,1
842,umf,1
841,gather,1
840,gotten,1
839,20,1
838,intent,1
779,outsid,1
778,principl,1
777,score,1
776,happi,1
733,snippet,1
732,earlier,1
30,fish,1
730,phone,1
31,undergradu,1
728,round,1
727,heart,1
725,possibl,1
724,research,1
723,signific,1
721,guardian,1
33,believ,1
716,stole,1
715,2001,1
714,hallway,1
712,normal,1
711,sector,1
709,associ,1
708,review,1
36,bragdon,1
704,set,1
37,transcrib,1
702,took,1
700,concert,1
698,major,1
695,pick,1
39,visionari,1
736,touch,1
737,aid,1
739,held,1
758,sage,1
21,mail,1
773,pertin,1
772,civil,1
770,variou,1
768,deepli,1
767,break,1
23,sec,1
765,poverti,1
763,worker,1
762,partisanship,1
760,attend,1
24,closur,1
25,check,1
741,upward,1
756,alon,1
754,yet,1
753,goe,1
752,gap,1
751,appear,1
750,govern,1
749,taught,1
748,spoke,1
747,2020,1
28,depart,1
744,decis,1
743,open,1
615,embolden,1
526,never,1
57,expos,1
136,outdat,1
330,overlook,1
329,racial,1
328,29th,1
324,profess,1
322,room,1
134,pop,1
319,valuabl,1
318,25,1
317,frequent,1
316,chelsea,1
315,interact,1
314,dolli,1
313,book,1
312,necessarili,1
309,hello,1
58,grittiest,1
137,panel,1
307,left,1
140,attack,1
303,fintech,1
297,purpos,1
295,univers,1
294,soon,1
293,echo,1
289,profil,1
143,virtual,1
145,70,1
282,servic,1
281,relationship,1
279,patient,1
331,center,1
332,front,1
335,valid,1
337,result,1
386,advoc,1
384,consent,1
383,formal,1
380,bound,1
125,balanc,1
375,holist,1
373,backstori,1
372,discard,1
126,list,1
370,meaning,1
367,biotech,1
365,farmington,1
364,consider,1
363,coordin,1
362,exercis,1
360,alreadi,1
359,integr,1
358,statewid,1
357,empathi,1
353,eye,1
352,discours,1
350,nugget,1
348,piec,1
344,awesom,1
342,short,1
341,basic,1
340,mover,1
131,messag,1
338,academ,1
278,reduc,1
277,offic,1
275,easili,1
221,notic,1
218,dashboard,1
164,upper,1
216,later,1
165,bankrupt,1
214,pursu,1
166,60,1
212,audienc,1
210,sound,1
208,shift,1
207,19,1
205,anyth,1
167,probabl,1
203,emphas,1
201,persev,1
200,space,1
197,underscor,1
193,yep,1
192,hire,1
191,gen,1
188,countri,1
187,greater,1
186,visibl,1
172,development,1
184,abil,1
183,schmidt,1
181,plu,1
178,grief,1
177,cough,1
176,town,1
219,proud,1
222,pigeonhol,1
274,number,1
223,dad,1
273,identifi,1
272,wait,1
271,doe,1
270,behind,1
268,suggest,1
267,impress,1
264,repres,1
260,reflect,1
259,smaller,1
257,summertim,1
256,renew,1
254,counsel,1
252,around,1
247,came,1
155,mdoe,1
157,shaker,1
244,judd,1
242,finish,1
240,task,1
238,write,1
236,tough,1
235,misgend,1
233,evolut,1
231,found,1
230,troubl,1
229,pair,1
228,best,1
227,ultim,1
163,competit,1
387,dr,1
389,easiest,1
390,solv,1
77,cast,1
556,realiti,1
555,gustafson,1
550,institut,1
547,privaci,1
546,exist,1
545,senior,1
544,sullivan,1
543,topic,1
542,brief,1
540,global,1
539,cdl,1
83,size,1
536,permiss,1
535,discomfort,1
534,instead,1
533,least,1
532,rid,1
531,necessari,1
530,live,1
528,entir,1
524,forestri,1
523,upcom,1
521,oop,1
519,catch,1
518,button,1
517,essenti,1
514,anytim,1
510,whether,1
509,owner,1
79,push,1
76,enter,1
507,expert,1
562,paid,1
610,without,1
609,hop,1
608,bottom,1
607,incred,1
59,often,1
601,elig,1
61,kick,1
599,health,1
598,attain,1
597,nurtur,1
596,gain,1
595,role,1
593,money,1
65,familiar,1
591,rather,1
590,compani,1
588,1995,1
586,classwork,1
585,receiv,1
582,mom,1
73,misspeak,1
576,late,1
575,toughest,1
572,interfac,1
570,coach,1
569,oftentim,1
75,instantli,1
566,carli,1
563,advisor,1
508,mute,1
506,vibrant,1
391,analysi,1
109,movement,1
441,save,1
440,admit,1
438,nineti,1
110,transcript,1
435,colorado,1
433,princip,1
112,lucki,1
431,econom,1
429,workspac,1
113,mistak,1
116,six,1
421,near,1
420,conven,1
419,problem,1
418,pedagogi,1
417,yell,1
416,tap,1
117,aspir,1
412,harm,1
118,2030,1
407,paus,1
121,broader,1
405,power,1
403,fasfa,1
401,extend,1
400,explain,1
398,luckili,1
396,quickli,1
395,soft,1
442,leav,1
108,limit,1
505,bia,1
106,jmg,1
504,transit,1
87,fear,1
501,stuff,1
91,reinforc,1
92,worth,1
495,sum,1
494,allow,1
493,farm,1
491,type,1
488,sacr,1
95,unrest,1
486,bigger,1
96,phd,1
482,ai,1
478,shape,1
477,debt,1
475,coast,1
474,neighbor,1
472,test,1
471,introduct,1
468,respons,1
465,activ,1
464,burnout,1
100,stop,1
455,despit,1
454,adapt,1
101,verbal,1
103,away,1
104,stand,1
877,grante,1
