,word,frequency
340,think,70
824,educ,63
348,want,62
388,need,57
398,go,52
574,student,52
122,realli,45
9,see,43
292,convers,42
280,like,36
432,get,34
287,thank,32
129,main,32
460,learn,32
337,peopl,32
151,us,31
495,help,30
352,know,30
350,one,29
412,kid,29
199,school,29
785,thing,28
14,come,27
359,sure,27
612,support,26
320,question,25
442,make,25
762,teacher,25
185,say,23
144,yeah,23
274,share,22
711,also,22
631,would,22
374,lot,21
313,differ,21
746,commun,20
690,work,20
100,feel,20
613,time,18
169,year,18
654,right,18
470,look,18
813,futur,17
726,much,16
356,group,16
427,littl,16
145,abl,16
535,ask,16
669,understand,15
606,let,15
546,way,15
87,teach,15
258,well,15
17,part,15
567,someth,14
191,mani,14
597,said,14
80,next,14
366,bit,13
380,project,13
791,put,13
856,actual,13
336,start,13
135,program,13
66,import,12
94,career,12
540,use,12
1,bring,11
781,chat,11
653,join,11
306,leader,10
29,high,10
836,particip,10
369,hear,10
713,everyon,10
181,talk,10
665,move,10
736,industri,10
684,famili,10
305,opportun,10
496,anyon,9
819,gener,9
81,good,9
569,okay,9
47,individu,9
391,person,9
382,grade,9
547,mayb,9
263,give,8
764,youth,8
522,chang,8
35,take,8
319,idea,8
512,add,8
548,first,8
346,interest,8
261,show,8
298,relev,8
281,state,8
285,tri,8
291,togeth,7
752,day,7
327,world,7
467,pandem,7
42,build,7
875,great,7
222,connect,7
794,background,7
773,mention,7
449,answer,7
5,find,7
231,back,7
715,specif,7
685,creat,7
386,everi,7
672,colleg,7
831,experi,7
406,long,7
93,point,7
483,call,7
430,session,7
708,free,7
592,develop,6
650,seen,6
155,cortico,6
338,environ,6
24,jump,6
31,parent,6
34,video,6
586,coupl,6
377,circl,6
48,across,6
568,hope,6
717,term,6
724,skill,6
743,forward,6
830,even,6
848,got,6
240,might,6
97,kind,6
289,system,6
232,last,6
444,happen,6
278,member,5
700,huge,5
357,minut,5
290,forum,5
488,loss,5
271,screen,5
730,cte,5
793,impact,5
666,legisl,5
771,speak,5
248,excit,5
312,better,5
482,today,5
640,comment,5
641,sens,5
474,cours,5
438,reach,5
676,focus,5
492,board,5
183,critic,5
537,tell,5
91,ed,5
828,data,5
13,2050,5
863,speaker,5
6,ago,5
502,goal,5
874,oh,5
120,thought,5
840,other,5
125,somebodi,5
497,certainli,5
799,care,5
341,perspect,4
538,stori,4
21,heard,4
92,discuss,4
584,fit,4
776,serv,4
704,base,4
581,whole,4
249,everybodi,4
627,record,4
820,director,4
345,new,4
416,continu,4
389,end,4
131,contribut,4
88,welcom,4
277,hard,4
343,exampl,4
86,agre,4
376,meet,4
575,keep,4
531,mind,4
797,alway,4
307,folk,4
790,inform,4
707,capac,4
402,financi,4
361,respond,4
62,matter,4
857,small,4
751,guidelin,4
300,sort,4
164,address,4
806,slide,4
783,stage,4
845,voic,4
686,audio,4
843,classroom,4
297,stakehold,4
8,ye,4
107,order,3
670,network,3
98,five,3
618,begin,3
260,watch,3
259,elect,3
106,vision,3
617,amaz,3
103,job,3
99,economi,3
257,may,3
634,focu,3
710,still,3
37,adult,3
56,along,3
549,organ,3
846,love,3
61,class,3
401,valu,3
677,earli,3
63,invit,3
68,multipl,3
69,influenc,3
731,pre,3
837,wrong,3
408,includ,3
411,key,3
83,full,3
275,access,3
324,anoth,3
326,seem,3
250,wide,3
687,follow,3
109,four,3
130,fall,3
431,profession,3
691,inclus,3
134,motiv,3
583,engag,3
511,step,3
642,worri,3
587,post,3
142,young,3
375,employ,3
143,curriculum,3
506,within,3
190,will,3
505,structur,3
187,guess,3
487,action,3
373,posit,3
698,scienc,3
787,offer,3
177,guid,3
789,far,3
362,real,3
792,local,3
371,children,3
167,initi,3
876,big,3
648,transform,3
19,link,3
458,administr,3
437,execut,3
28,master,3
822,varieti,3
864,public,3
435,wonder,3
523,involv,3
244,word,3
229,toward,3
228,someon,3
757,ahead,3
30,10,3
577,strategi,3
121,pass,3
521,mainer,3
761,aspect,3
126,secondari,3
596,hi,3
825,face,3
216,wrap,3
703,either,3
111,done,3
555,belong,2
553,oppos,2
372,younger,2
591,summit,2
557,could,2
552,target,2
598,non,2
562,intimid,2
558,feedback,2
387,evolv,2
564,beyond,2
560,collabor,2
392,food,2
421,inequ,2
609,age,2
454,incom,2
622,protocol,2
624,past,2
647,disengag,2
626,scoot,2
468,12,2
514,citi,2
472,issu,2
513,grit,2
475,workforc,2
508,tabl,2
639,accept,2
638,appreci,2
630,tech,2
485,assess,2
368,phrase,2
632,polici,2
501,literaci,2
489,similar,2
490,workplac,2
491,approv,2
500,district,2
499,explor,2
493,provid,2
456,challeng,2
657,line,2
610,brave,2
447,opinion,2
679,pleas,2
678,usm,2
405,memor,2
407,materi,2
542,plan,2
539,level,2
615,resili,2
674,sometim,2
534,envis,2
414,brain,2
533,two,2
418,definit,2
419,sustain,2
420,potenti,2
532,awar,2
434,lost,2
663,divers,2
527,lead,2
619,collect,2
441,piggyback,2
621,obvious,2
661,readi,2
446,street,2
877,seek,2
589,inspir,2
195,although,2
235,approach,2
218,throughout,2
77,pathway,2
839,healthcar,2
841,els,2
72,grader,2
225,flexibl,2
756,sensit,2
842,turn,2
755,demograph,2
70,anybodi,2
236,agenc,2
738,listen,2
238,januari,2
239,deal,2
243,rememb,2
245,current,2
60,heritag,2
748,choic,2
256,mean,2
264,empow,2
854,direct,2
740,realiz,2
763,imagin,2
90,pretti,2
211,achiev,2
104,pilot,2
153,polit,2
146,middl,2
801,sorri,2
141,theme,2
798,unmut,2
162,counselor,2
796,partner,2
166,three,2
174,hey,2
788,thrive,2
786,comfort,2
180,k,2
811,thinker,2
192,protect,2
133,chanc,2
196,less,2
198,greatest,2
816,son,2
201,especi,2
116,introduc,2
114,particularli,2
739,knowledg,2
750,success,2
269,went,2
862,technic,2
729,resourc,2
728,everyth,2
342,month,2
339,form,2
861,grow,2
308,lunch,2
33,life,2
702,graduat,2
310,remind,2
329,design,2
32,colleagu,2
737,analyz,2
22,highlight,2
716,stay,2
284,seven,2
318,present,2
358,moment,2
45,guy,2
43,trend,2
872,complet,2
7,certain,2
276,camera,2
354,charter,2
355,fourth,2
623,toughest,1
867,round,1
873,outreach,1
869,despit,1
817,solut,1
818,basic,1
821,ai,1
866,offic,1
808,normal,1
815,bia,1
595,research,1
870,later,1
625,left,1
814,catch,1
594,function,1
868,appear,1
629,bragdon,1
812,greater,1
620,advisor,1
810,mute,1
809,rather,1
871,visionari,1
628,formal,1
593,pictur,1
829,sector,1
823,heart,1
849,anymor,1
844,least,1
805,dashboard,1
604,undergradu,1
858,classwork,1
605,recruit,1
847,phone,1
850,interfac,1
826,hop,1
851,expos,1
852,15,1
608,hand,1
853,book,1
607,harm,1
855,18,1
859,happi,1
603,virtual,1
611,facilit,1
602,task,1
860,paid,1
601,profit,1
614,purpos,1
600,attack,1
838,hurt,1
599,coach,1
835,map,1
834,whether,1
833,associ,1
832,town,1
865,empathi,1
616,mail,1
827,forestri,1
807,result,1
694,burnout,1
804,underscor,1
735,place,1
722,1995,1
723,truli,1
725,nineti,1
590,best,1
732,fear,1
675,strong,1
733,consent,1
734,held,1
673,senior,1
664,improv,1
741,repres,1
671,york,1
742,bide,1
668,familiar,1
667,embolden,1
744,gen,1
745,holist,1
747,renew,1
721,reinforc,1
680,break,1
720,lgbtq,1
681,compani,1
693,categori,1
696,constantli,1
697,type,1
699,respons,1
701,cast,1
692,verbal,1
705,abil,1
689,admit,1
688,passion,1
706,paus,1
709,gustafson,1
712,chicago,1
714,yell,1
718,guidanc,1
719,check,1
683,kick,1
682,competit,1
749,overlook,1
662,vibrant,1
803,tie,1
637,fintech,1
774,alon,1
644,pop,1
775,2001,1
643,grante,1
777,aid,1
778,front,1
695,steer,1
779,enter,1
780,found,1
753,misgend,1
636,necessarili,1
782,alreadi,1
635,advoc,1
784,stop,1
795,prototyp,1
800,decis,1
633,consider,1
802,reduc,1
645,gather,1
772,oftentim,1
770,pedagogi,1
646,perhap,1
754,civil,1
660,incred,1
659,singl,1
758,cough,1
658,anytim,1
759,reflect,1
656,stuff,1
655,shaker,1
760,regardless,1
765,exercis,1
766,mitchel,1
652,regular,1
767,possibl,1
651,suggest,1
649,shape,1
768,gratitud,1
769,gap,1
727,pull,1
0,lose,1
588,sacr,1
193,root,1
179,succeed,1
182,visibl,1
184,plu,1
186,email,1
188,solv,1
189,coast,1
194,relay,1
176,transcript,1
197,29th,1
200,central,1
202,freeport,1
203,2020,1
204,set,1
205,power,1
178,univers,1
175,head,1
207,19,1
160,20,1
152,privaci,1
154,foundat,1
156,nice,1
157,essenti,1
158,write,1
159,friend,1
161,concert,1
173,poverti,1
163,25,1
165,problem,1
168,nurtur,1
170,impress,1
171,bankrupt,1
172,profess,1
206,fasfa,1
208,emphas,1
149,afraid,1
254,global,1
242,signific,1
246,waldorf,1
247,evolut,1
251,given,1
252,broader,1
253,realiti,1
255,servic,1
237,ad,1
262,wagon,1
265,70,1
266,piec,1
267,bigger,1
268,doe,1
270,space,1
241,consciou,1
234,snippet,1
209,valuabl,1
219,grief,1
210,shift,1
212,third,1
213,dolli,1
214,spoke,1
215,workspac,1
217,nugget,1
220,coordin,1
233,adapt,1
221,elig,1
223,neighbor,1
224,explain,1
226,messag,1
227,partisanship,1
230,behind,1
150,trainabl,1
148,upward,1
273,seri,1
52,exist,1
41,born,1
44,receiv,1
46,touch,1
49,confid,1
50,easili,1
51,soon,1
53,money,1
39,wait,1
54,movement,1
55,taught,1
57,easiest,1
58,colorado,1
59,panel,1
64,discomfort,1
40,live,1
38,feed,1
67,around,1
15,topic,1
2,six,1
3,transit,1
4,hello,1
10,patient,1
11,chelsea,1
12,explicit,1
16,eye,1
36,role,1
18,struggl,1
20,disservic,1
23,pair,1
25,ultim,1
26,sec,1
27,audienc,1
65,misspeak,1
71,relationship,1
147,conven,1
127,worker,1
115,affect,1
117,finish,1
118,depart,1
119,blow,1
123,extend,1
124,test,1
128,innov,1
112,dad,1
132,fish,1
136,news,1
137,rid,1
138,mdoe,1
139,identifi,1
140,farmington,1
113,integr,1
110,echo,1
73,debt,1
84,effort,1
74,frequent,1
75,grittiest,1
76,shut,1
78,late,1
79,cannot,1
82,gain,1
85,without,1
108,cdl,1
89,instantli,1
95,backstori,1
96,mover,1
101,profil,1
102,newer,1
105,size,1
272,guardian,1
279,intent,1
585,entir,1
484,sound,1
476,academ,1
477,discours,1
478,option,1
479,principl,1
480,practic,1
481,ocean,1
486,discard,1
471,deepli,1
494,major,1
498,yet,1
503,allud,1
504,often,1
507,allow,1
509,hire,1
473,mom,1
469,sage,1
515,govern,1
455,review,1
445,summertim,1
448,gotten,1
450,open,1
451,necessari,1
452,hallway,1
453,quickli,1
457,soft,1
466,dr,1
459,2030,1
461,interact,1
462,room,1
463,button,1
464,pertin,1
465,tap,1
510,umf,1
516,orient,1
440,attain,1
571,took,1
559,brief,1
561,former,1
563,troubl,1
565,variou,1
566,earlier,1
570,transcrib,1
572,reason,1
554,upcom,1
573,outsid,1
576,instead,1
578,counsel,1
579,stole,1
580,unrest,1
582,away,1
556,phd,1
551,awesom,1
517,statewid,1
528,leav,1
518,bound,1
519,particular,1
520,pick,1
524,aspir,1
525,sum,1
526,probabl,1
529,valid,1
550,tough,1
530,train,1
536,applic,1
541,analysi,1
543,jmg,1
544,limit,1
545,closur,1
443,health,1
436,notic,1
282,institut,1
331,never,1
321,enough,1
322,view,1
323,balanc,1
325,proud,1
328,persev,1
330,carli,1
332,trust,1
316,development,1
333,lucki,1
334,mistak,1
335,yep,1
344,activ,1
347,stand,1
349,upper,1
317,expert,1
315,smaller,1
353,joe,1
296,farm,1
283,introduct,1
286,60,1
288,minor,1
293,websit,1
294,express,1
295,rest,1
299,scholarship,1
314,save,1
301,product,1
302,journey,1
303,biotech,1
304,pursu,1
309,racial,1
311,owner,1
351,worth,1
360,believ,1
433,came,1
417,sullivan,1
403,short,1
404,societi,1
409,push,1
410,patti,1
413,number,1
415,outdat,1
422,near,1
399,pigeonhol,1
423,goe,1
424,judd,1
425,match,1
426,permiss,1
428,nod,1
429,anyth,1
400,close,1
397,fill,1
363,adjust,1
381,center,1
364,attend,1
365,schmidt,1
367,oop,1
370,decid,1
378,luckili,1
379,amount,1
383,relat,1
396,score,1
384,econom,1
385,countri,1
390,princip,1
393,list,1
394,polar,1
395,meaning,1
439,bottom,1
